{
  "train_loss": [
    0.8883257389068604
  ],
  "val_loss": [
    0.5007950067520142
  ],
  "train_mae": [
    0.7264392018318176
  ],
  "val_mae": [
    0.5417914986610413
  ],
  "lr": [
    0.001
  ]
}